{
  "project_info": {
    "project_number": "28861670725",
    "firebase_url": "https://breakthesilence-c2ee3.firebaseio.com",
    "project_id": "breakthesilence-c2ee3",
    "storage_bucket": "breakthesilence-c2ee3.appspot.com"
  },
  "client": [
    {
      "client_info": {
        "mobilesdk_app_id": "1:28861670725:android:11eb07e947a249e7",
        "android_client_info": {
          "package_name": "com.example.scray.breakthesilencev3"
        }
      },
      "oauth_client": [
        {
          "client_id": "28861670725-9vj8bt05m49mvq67h1vgjn40rrn92f7d.apps.googleusercontent.com",
          "client_type": 1,
          "android_info": {
            "package_name": "com.example.scray.breakthesilencev3",
            "certificate_hash": "3cd0fb3cde61b65e895ef3f1ea30128141ff5a58"
          }
        },
        {
          "client_id": "28861670725-vuirih51q8027p1of8bq7ejmiib8b6f9.apps.googleusercontent.com",
          "client_type": 3
        }
      ],
      "api_key": [
        {
          "current_key": "AIzaSyAtOrD3r_e-IqNK6iSs0JBdgyE58Oz14zk"
        }
      ],
      "services": {
        "appinvite_service": {
          "other_platform_oauth_client": [
            {
              "client_id": "28861670725-vuirih51q8027p1of8bq7ejmiib8b6f9.apps.googleusercontent.com",
              "client_type": 3
            }
          ]
        }
      }
    }
  ],
  "configuration_version": "1"
}